{"x":0.0778633876,"y":233.0}
{"x":-0.0396181284,"y":91.0}
{"x":0.011039039,"y":111.0}
{"x":-0.0406959405,"y":152.0}
{"x":-0.0342290681,"y":120.0}
{"x":0.0056499787,"y":67.0}
{"x":0.0886415084,"y":310.0}
{"x":-0.033151256,"y":94.0}
{"x":-0.0568631216,"y":183.0}
{"x":-0.0309956318,"y":66.0}
{"x":0.0552293341,"y":173.0}
{"x":-0.0600965578,"y":72.0}
{"x":0.0013387304,"y":49.0}
{"x":-0.0234509473,"y":64.0}
{"x":-0.0741081148,"y":48.0}
{"x":0.0196615356,"y":178.0}
{"x":-0.0159062628,"y":104.0}
{"x":-0.0159062628,"y":132.0}
{"x":0.039062153,"y":220.0}
{"x":-0.0730303027,"y":57.0}